0,-2.4502503932638016
1,0.0
55,13.043932419180875
8,9.14349649402087
2,0.0
61,31.010642528894316
14,5.200853087857015
3,0.0
71,nan
9,-7.252630287576394
17,12.475273453905253
23,7.320934861531297
56,21.41566217943018
29,nan
30,8.496624933127872
63,40.80760207021036
4,0.0
72,52.05451663167739
10,-5.263869008921183
18,26.51016472847813
22,44.70677715300103
57,17.791308508626997
58,20.35410295954127
59,23.70514435724226
31,36.56033381923271
70,43.86647373536116
7,3.5669415865413614e-11
12,-9.672182991966645
28,18.136902945380086
25,26.657650566491608
27,16.399075592360077
60,15.557870505890628
32,-4.661501056721359
5,-8.917353966353404e-12
73,11.703214876004978
13,17.20287561433504
16,25.315033499581062
62,-2.049777790313102
69,-2.504640266702542
11,-1.7834707932706807e-11
15,25.479071330208406
26,23.64459414451008
6,-8.917353966353404e-12
19,6.329229361370765
20,-21.74703769496448
21,-18.230480098079443
24,24.885259336765618
33,5.913000452240588
64,33.74049527991379
65,11.291712402962682
66,-10.884963555056183
67,-18.025208221821533
68,-5.3529686155877085
74,-3.5669415865413614e-11
75,4.44506450330768
76,0.0
77,12.372122144170174
78,0.0
79,-10.940132838689495
80,28.481770905370873
81,10.408777538391051
87,15.072105361799352
88,57.00158738469478
257,2.76555217420902
528,39.688212953569646
284,-10.884963555056183
412,40.44579846455734
165,-3.0279853572978936
179,-18.63847859814613
445,33.99509080627466
457,15.549435730300047
458,-9.246303914311206
459,8.45034243962256
90,81.09586877416945
91,11.291712402962682
233,2.938556017557392
363,-21.747037694964476
117,5.913000452276259
246,20.71741032520302
504,35.26120563626003
505,27.20589428966041
506,4.594598029531495
507,13.698188400158935
508,30.293766005669337
509,12.221635070234242
510,36.485419032931674
515,nan
259,0.03314426384550728
516,72.11350923332321
517,31.888991740210813
134,20.23264088158409
518,71.96092354580924
519,34.955748103271965
520,10.566529156279998
522,nan
523,40.68487146226866
141,17.791308508626997
255,27.817460859372137
145,49.43766786125466
533,21.55105134963694
413,56.801195544341695
159,44.3741064088531
164,50.88470409958263
169,65.59372344384983
427,22.46958878815685
428,44.402367838207084
429,39.6816210389918
432,50.940111431837394
442,66.08946333056572
191,25.01793242819757
195,42.7642807749105
196,27.12517487781502
204,54.84442600840145
205,nan
465,nan
210,24.417011777456302
211,53.05509267369092
467,81.25554888827608
468,30.19607709537007
469,48.269204571648956
470,51.580510567164424
477,58.35035520877389
480,45.19230239152107
97,113.82661266496368
482,25.837587471745774
99,20.354102959541265
481,49.44944118031347
483,39.261068338022966
102,23.70514435724226
484,18.06847317045573
485,55.78854738010894
486,47.33374170109956
107,-5.2638690089211835
235,50.25019084333818
248,20.328775485102092
242,44.19917211232021
243,38.904861621626154
511,88.81121295747937
526,nan
527,nan
89,26.657650566562946
92,15.557870505961965
93,-9.672182991895312
95,18.136902945451425
108,nan
110,nan
112,-34.77365772113809
116,-10.298822060936182
119,38.68953044899969
128,nan
144,nan
146,nan
151,12.330952993049308
154,nan
158,nan
163,60.399610776973375
171,33.229008962417225
173,nan
175,11.682415085207289
184,23.151326933147814
192,15.003673310024837
193,nan
194,32.92787495221341
197,-2.5732480530213593
214,-14.680469177483637
218,nan
224,5.16430177364915
225,35.48153882631063
226,57.05219946878001
230,-14.167611985673762
234,41.849779340283824
237,32.28492223355982
244,21.158765530805695
256,nan
261,nan
262,nan
263,13.645885428388212
266,7.133832014005747e-11
361,nan
362,nan
415,nan
416,25.080630739366146
417,13.482538039193898
418,19.352391419019526
433,nan
436,39.95636533826787
441,nan
449,15.867071512042635
450,11.24862495408084
451,nan
466,38.67514970548588
160,-0.9902717607845979
100,9.143496494092208
231,14.144091291170728
115,15.310038397260438
276,-16.123311554742614
183,26.55364309450401
419,nan
260,19.290585246740026
105,15.072105361728013
190,59.2144160152062
239,-3.512245905717368
118,nan
534,18.566646042631174
126,nan
127,-10.940132838760835
512,50.96331453998665
136,6.479547747398176
137,-2.049777790313102
138,-0.7684056498363772
422,29.189917332606623
168,24.183918112162093
430,23.798192647680875
186,10.674921918352526
462,40.847562850277754
463,nan
208,nan
209,nan
94,25.315033499545393
222,13.711316973501486
96,17.20287561433504
479,nan
491,38.47741381943322
238,26.902402533885766
125,33.26780794780533
129,23.64459414458142
265,31.860351475371985
155,23.603113004066163
423,-2.504640266702541
199,1.0778494975805906
471,26.031946954598205
223,22.97790205304396
492,24.048244596857607
109,25.479071330208406
493,44.88454101208909
494,43.807003184340594
123,3.567279804883583e-11
321,-18.230480098079443
513,9.568916176601707
101,-5.352968615587708
201,24.4675897416051
240,10.344652550818918
114,-18.025208221785864
247,8.223382984205212
188,8.16176806676789
132,nan
420,43.86647373536117
264,18.67909802699681
524,51.03578797214112
525,35.974348594785425
535,nan
121,16.399075592360077
250,6.324199281247703
187,32.72794283926687
448,3.562255983980365
135,1.5983680312684383
170,nan
206,16.057755626773613
111,-2.4502503932638016
207,20.446974426626664
113,13.043932419180877
181,25.482756936343947
254,17.73352674400662
120,8.69359150892375
221,13.321424213711826
478,-3.562451102747694
258,7.000325904960047
521,28.720281320632157
140,12.139487623051888
143,-1.449183223914254
529,33.20157253676125
530,59.772559564525466
531,28.776398383519652
532,30.013697839620768
152,-6.0110923561353395
414,31.010642528894312
431,19.82252293286284
437,28.554953943921493
182,nan
439,4.524451290581165
440,32.55230106769244
438,-4.320221707863073
200,1.5356175250792958
461,37.46226019430324
472,58.46623519621614
473,29.58894031483768
474,nan
475,nan
98,5.200853087928355
232,9.250206465650667
245,9.677369005934882
503,33.39568837071558
227,nan
455,29.590639993750074
104,4.44506450330768
456,3.8804804876840144
202,nan
236,nan
142,9.666233591504188
495,nan
464,21.656714720716298
177,3.390433311473025
178,-2.168574069567782
213,8.776960023188781
189,-0.2228814759695359
147,0.8313218550510051
167,-4.6615010567213595
434,17.112224940740298
185,nan
327,23.562284959747565
228,16.241393020544148
229,8.373530621345257
496,42.36006604317615
497,74.75731021618981
498,37.08460674160347
499,48.81183809430626
500,57.0006729606961
501,nan
502,nan
249,30.64395222211375
124,11.703214875969309
514,27.746555790852014
148,17.82184492811714
157,0.0
435,-6.4511942550321635
180,36.56033381923271
203,nan
460,52.05451663167739
341,6.489711874396477
476,6.491939854097339
103,26.51016472847813
241,26.546911896457303
251,49.330797995582785
252,48.89340610103059
253,47.704175721420256
453,nan
454,nan
166,11.342920439520595
490,38.20407460789643
106,12.372122144098837
176,19.720675563068816
149,nan
150,23.008689570561664
216,13.543405079698392
446,12.939389051030734
447,40.66104371712289
162,nan
421,57.00158738469477
220,43.53702178410576
153,nan
122,28.481770905370873
443,nan
444,nan
130,8.496624933127872
424,nan
217,26.20792978025551
156,nan
161,nan
131,12.475273453905253
198,nan
425,40.80760207021036
219,29.747098033877293
452,57.11863962480369
487,nan
488,50.85304082424808
139,10.408777538248374
174,29.22200134757042
212,21.764885762020832
133,21.41566217943018
489,16.94280732910557
426,-7.252630287576395
172,-4.456277385431818
215,17.835009224201333
2061,53.299753591512484
2062,47.966848688197985
2076,20.099522098803405
2078,nan
2089,44.94159145331048
2090,40.52255309420286
2091,20.224722358794715
2092,22.714187206313294
2093,-1.6056526450106565
2094,9.009077625771882
2095,36.65550569098441
2096,27.910985321424395
2097,13.449810766728417
2098,29.776672896159326
2175,47.61835376171874
2176,14.79439771929138
2177,38.86529820552168
2178,nan
2183,35.713721304712664
2184,56.07337580163133
2185,9.859758563368182
2186,58.84947079457575
2187,8.241213209348409
2189,46.482338420949816
2190,12.170979312516224
2191,nan
2192,18.90698071490375
2193,nan
2194,28.726294319663104
2195,29.65366698945448
2209,nan
2210,nan
2211,nan
2212,nan
2271,nan
2276,14.715052142463497
2277,38.042366813767586
2278,15.308279268239628
2279,34.20800469169416
2280,33.86097838457119
2281,45.81887198460112
2282,17.394092206671736
2283,40.373431250679914
2284,nan
2290,36.44024307468989
2291,21.48165022104208
2292,39.004160145848104
2293,44.35081694551174
2294,46.836263579686275
2295,14.2439347998727
2296,11.595813550411487
2324,nan
2325,nan
2326,nan
2327,nan
2330,42.412417403006344
2331,43.80276770605198
2332,nan
313,-7.016338308449736
2482,nan
2483,27.62982224648705
536,48.11713394272414
541,37.30088672982332
548,nan
556,39.79019098499967
597,-3.7102358564229183
607,7.710949130434531
615,20.19226221800891
617,14.906396164394756
623,21.442878538344655
634,9.328089672475265
636,8.7090963442946
639,24.58437676041691
641,nan
642,-13.159553014457629
643,17.829488436785304
647,20.06602708553543
652,-17.616088622419124
654,33.49113702525648
656,-1.8674042092468373
661,34.6348069860733
662,12.615252026365425
663,nan
665,32.99510721125062
667,47.529328180433
671,nan
677,nan
679,38.4733680412283
684,11.626283153809151
694,6.32076366082466
707,38.723697623660115
708,nan
713,32.32955633592171
714,13.485125368784104
724,35.99911229834096
726,nan
730,nan
731,8.260482557167123
733,40.45264247943766
748,1.995157061739674
758,20.844154288242972
762,nan
766,18.809412506697527
772,7.101295441084237
775,nan
777,54.70899436590784
788,66.29879898816746
789,nan
791,nan
794,19.38827244654812
796,nan
801,61.44571900158546
802,30.710591615295513
814,29.007210995911418
817,-5.704808775262796
827,47.91739131570212
835,27.716773043005325
845,31.29540488780497
849,8.511039885252293
855,13.847895006302114
856,-19.36048226104231
857,3.1756003601160083
858,32.43846034862358
865,41.750379015120956
870,nan
872,6.533422208728172
874,20.4004723822666
875,22.337476754307403
876,nan
888,nan
891,47.07237778215891
892,11.266276409462135
893,-11.278124734596659
894,nan
895,26.160905702401692
896,19.122729154420796
899,nan
908,57.84592172133863
910,nan
931,nan
938,-2.865896335015451
945,49.64349002674811
949,63.365112591937205
950,17.842410846076216
951,19.299728922507995
952,18.713421943343327
953,nan
954,24.983036674899736
958,21.943831576819743
971,37.27828285541197
975,nan
979,nan
983,45.807922382287785
985,nan
989,17.456332530245195
990,75.02120593065041
991,nan
992,29.54320073395436
1003,17.535700374347982
1020,26.433465535525357
1027,nan
1037,17.334513814629716
1084,61.70100299418546
1174,87.62192438888849
1175,45.38347354640803
1337,nan
1369,-4.546389928959842
1371,18.892146891478408
1372,10.526942645584192
1375,11.135916525163225
1379,18.214798468782643
1476,64.56417302585939
1477,69.94585276796788
1485,nan
1486,nan
1487,nan
1488,nan
1489,nan
1490,nan
1498,45.356293686437354
1499,nan
1500,23.488387454307833
1501,20.71619626148912
1502,17.097832041838615
1503,29.087231842364634
1504,nan
1505,28.943364096165404
1506,nan
1507,54.938923102872764
1508,56.176162974784134
1509,26.132782840453043
1589,28.588139817567388
1590,nan
1591,3.2810141448019805
1592,nan
1593,32.66179323389188
1594,7.215937876145546
1595,20.721480136925305
1596,8.86244398061132
1597,23.20781183282011
1598,20.101331352092515
1599,36.703146329672606
1600,29.35727867354152
1601,29.20611979512133
1602,29.690402449161912
1603,6.144929128088608
1604,5.902959672864565
1605,31.23795546265846
1606,37.23765171336717
1607,-6.768299876967671
1610,35.274142913348214
1619,51.22077764536611
1620,50.12623993966493
1621,43.628136087983194
1622,28.11412080031243
1623,nan
1624,48.64774235698613
1625,51.11753471046107
1626,44.771031155280895
1627,45.57474937968769
1628,17.61830245327547
1629,52.105055777835304
1630,49.821052766296006
1631,43.021892620577034
1632,23.862214936691245
1666,nan
1667,30.396747107586418
1668,nan
1674,48.16423611997675
1680,29.375706055927587
1681,10.633428621307978
1682,-0.07409061252334137
1683,0.17868316926166372
1684,26.89415719039455
1688,30.962992755910758
1689,nan
1690,57.344283272351944
1691,nan
1694,nan
1709,nan
1710,41.73304821459061
1711,34.48260467436845
1712,38.87869811521898
1713,36.637063790932075
1714,49.94835084222588
1733,nan
1734,nan
1735,61.14350016373987
1741,44.17225937839345
1742,36.19293718742823
1743,21.606332103690434
1763,24.780428332835786
1764,40.7005890802226
1765,32.09803532443651
1787,67.87484678946795
1823,12.30584479391865
1824,23.02922128105155
1825,nan
1826,8.23716975832319
1827,nan
1828,5.027513596232755
1846,33.130325576176666
1854,nan
1855,-0.22352300489565913
1856,40.24580298503619
1857,nan
1858,nan
1859,nan
1860,nan
1861,78.3137325371531
1862,49.905399730126774
1863,nan
1864,58.32875066655214
1866,nan
1911,33.89844890740184
1912,47.62612986823012
1916,43.28846802230491
1917,28.677509970546776
1918,20.434924580671044
1919,48.57873548836595
1920,50.54144426469223
1921,21.452738399696862
1923,89.8395391612389
1924,58.21397730112146
1925,57.95564722023471
1945,48.34434149248321
1946,22.887229860411647
1950,-1.1901528831240649
1951,-17.27346541041206
1952,10.280601557666527
1953,19.144209585338075
1954,14.294760522499997
1955,0.4752495666594778
1956,21.267730182227915
1957,-3.3291251768368015
1958,22.012361226179863
1959,10.801135443042932
1960,-2.3689980725337803
1961,-1.9279825151752856
1962,18.43957934977901
1963,22.32719907946647
1964,-2.9740583543119508
1965,12.94510046436581
1966,-0.3746109093109036
1967,-14.46540222498512
1968,9.483172552965552
1969,14.433902608278464
1970,9.185125861968334
1971,13.812512725096765
1972,nan
1973,19.037049874487227
1974,11.600771130948687
1975,-1.5753239950882278
1976,-8.941280987901514
1977,3.322850630244568
1978,-14.446901990171327
1979,2.2114702652482325
1980,-6.384511144058873
1981,6.323499201688824
1982,13.54184004355684
1983,nan
1984,-2.2461581831326143
1985,9.919487118657278
1986,0.40896829897868736
1987,4.195733374527748
1988,-6.21389620647664
1989,-7.770934621086765
1990,-11.261374478492758
1991,11.98631162154382
1992,9.567370555893921
1993,-13.700316370878998
1994,-0.5398247168842936
1995,4.421594454916502
1996,0.6560708443885646
1997,1.7353877700739575
1998,25.001302172925996
1999,2.6158678559576667
2000,-4.572088149167356
2001,3.1710991789575145
2002,17.516058940232945
2003,25.8284099597559
2004,27.691032389533294
2005,29.669688970467682
2006,5.5766539000603
2007,1.2534926928284196
2008,24.52294423140373
2009,3.651546345867569
2010,-11.548171056628302
2011,-9.852989139942283
2012,33.54668049354652
2013,-8.417479612461946
2014,7.171687563500681
2015,-7.161920363942992
2046,nan
2047,nan
787,nan
537,56.27802629084022
795,40.06522754944625
1949,68.42640360586975
1822,66.04939611702771
2085,nan
936,77.75319347298864
937,nan
2086,nan
555,nan
2087,58.35610857479945
2088,40.82431980269119
816,44.089326492635564
704,nan
1478,83.55480821873265
854,22.86433003567978
1496,nan
1497,nan
1759,52.81315431995034
1760,53.88930343503931
747,36.994963868367336
1913,61.11031780663468
1914,60.91529871377955
1915,38.189685555869914
2048,-4.567404443256212
2049,7.517374601267601
2050,22.261200962457345
1544,51.48303263482549
1545,nan
1546,nan
2060,56.32655922796678
1551,-23.886559840142016
1555,39.66620830915093
1552,nan
545,40.63712334406854
1570,nan
1571,42.23903972755775
1572,nan
1573,nan
1574,11.978479803613833
546,14.943996670286436
547,nan
1581,19.34682970558582
1582,40.97434776598044
1580,37.58253701659355
561,30.36666433729168
1083,31.036624469342726
571,19.964640366771803
574,-34.63825066885441
1086,-7.291491998987734
579,25.850164576621893
586,49.613044965121325
587,40.90854957925749
590,13.572964745739183
1634,26.877828586735923
1636,49.87117247647048
1635,30.70002133959921
1637,nan
614,4.439837432629023
1638,nan
1639,nan
2153,51.02560866941149
2154,31.692345312653167
2155,56.34409383804629
2156,55.3541053374028
2158,12.13621285029275
2157,11.967116271426434
624,17.066289290963418
625,42.616509164951324
626,nan
644,-9.380651579664612
1669,16.608784826169646
1670,8.840977004447392
1671,0.8694149511171112
648,1.6416100638010533
1675,-19.917892257588445
653,28.213792504240985
1676,5.701133833783228
673,43.11686192796321
675,21.326640292782542
2225,nan
2226,6.5541534684835305
2227,nan
698,nan
699,14.944042768012723
700,-27.76811546629902
706,nan
710,42.665680516029596
2261,57.90340090019973
2262,61.92261803746079
2263,35.45787862868649
1756,26.985956706639982
1757,-1.0116566433598813
2272,13.662310543142045
1761,50.1823365315893
2273,-8.931885473073866
744,23.78315537628724
757,12.263320063601338
773,nan
774,18.401444908044546
2314,11.020252754591095
2315,-0.8624104592494533
2316,25.059747415112508
2317,-21.469536611903617
2318,nan
2319,3.932012944499089
2320,15.907216636894624
792,-22.41745487036987
799,nan
806,-6.876384286321095
809,37.90711969879298
811,nan
305,nan
828,16.162349797517333
834,nan
867,25.503691645530047
877,13.28055223851262
1398,-5.974419120867818
1402,-0.9457257629143072
1406,nan
897,14.365151597377034
1929,24.311187031661753
1930,0.6010171326588853
1931,-4.294738276607621
1932,22.373136483001517
1933,1.3097957756432876
1934,-26.626264214376757
1935,28.753803711603588
1940,37.87496934938083
917,-8.351196241783736
1942,59.653594303089584
1941,60.591776016650826
1943,nan
933,34.58781928296238
934,26.799988263894583
939,6.295144404999277
966,-1.870227370104928
1481,nan
1484,nan
981,nan
1531,nan
1532,37.135690122541625
1533,70.20111282246619
2322,52.239335385622205
2323,nan
1557,46.70986208655531
793,nan
538,23.07279750212488
2075,nan
672,24.460936324215293
1056,nan
550,17.297688527526557
680,23.834646611599194
682,6.7995922057507325
300,15.84393122098064
560,31.54033073718098
1715,59.5154442317417
1716,38.92630938988097
582,18.813223809322047
1479,54.43468650701047
1480,37.844867488137
1352,8.410572154995489
970,nan
841,nan
1738,52.911461862799335
1739,45.27969385217626
1740,21.534139830570126
337,8.94843815867314
594,2.83794388302338
1491,36.8230985246448
1492,8.892658529672492
350,20.465260203785927
606,nan
864,nan
738,nan
2152,61.664163218807616
1005,nan
880,nan
1910,33.05443997909364
631,11.356108223772456
763,30.16171398960706
651,nan
2328,nan
666,80.14694521024188
539,34.08868799098931
540,32.44342776179195
570,52.23804834845426
969,nan
980,11.204453410991759
1133,nan
1547,95.14208468221896
1548,44.429808486123164
1549,66.14516540783579
2063,26.168105153879747
2064,nan
2065,78.19859205588786
1553,55.95925035751412
2077,52.323872940023634
2084,25.977903841564142
559,70.27478363642648
569,73.42672776050634
577,27.96869847010924
1609,42.19173573346356
596,64.7557119322099
598,32.84526269623086
603,19.356309991633825
609,20.73091520949184
2159,26.754737258414586
2160,48.586429256953195
2161,49.00725846266813
2162,52.15647227123924
2163,41.75844453670951
2164,24.64570174136155
2165,49.72932179036694
2166,17.08212284322226
2167,47.96668350013688
2168,41.15508732743196
2169,44.454120111863745
2170,24.09176524869064
2171,-3.769626875168587
2172,24.26117624147288
1179,50.22828681592113
668,27.516993333202507
669,24.10557233604158
1695,21.48830400764601
1696,50.57217085075069
1697,44.543481525194196
1698,50.45731737380945
1699,53.134965301664955
1700,56.486006699365944
1701,47.10627597610846
1702,33.71035720732866
1703,32.34850332160856
1704,30.159914772050783
1705,31.192682700832272
1706,34.86617782810495
1707,25.261392956817865
1708,31.31573539282707
688,23.821719444935606
2228,72.30335778681547
693,12.95181096248741
2229,49.60519456492379
2230,11.632047070740912
2231,56.25534627973968
2232,36.96295329637411
2233,47.968081496689294
2234,19.083901164982226
2235,35.918856290776844
2236,61.8128546794034
2237,41.34225468241513
2238,24.223510898927287
2239,69.60189074723961
2240,40.30240627092903
2241,nan
2242,-2.058454836107515
2243,31.6345611128461
712,30.152751478231558
715,45.72347890279612
717,44.43612181942419
718,-4.362282911517347
722,nan
1748,43.318099833306235
727,58.58854066627559
1753,nan
1755,60.930995556902616
735,26.489328598143267
2274,nan
1766,52.43996982198357
1767,49.442291779375026
1768,58.462717007373186
1769,nan
1770,18.25334846894969
1773,64.69422265065923
1774,41.915422831354036
1775,42.35277166264849
1776,78.6964398092563
1777,14.399499312429153
1778,94.93220881288339
759,80.9277283265332
1794,49.076458222643296
1795,43.43036603701495
1797,2.019989241085611
1796,19.857850066511723
1847,102.64308524824582
836,4.219148920693534
837,55.981754010069594
846,47.36659416322729
853,nan
347,58.49849996619453
860,43.29899032941407
868,48.59267722983061
869,20.391880871125053
376,37.278882931197785
1412,16.738821847680768
1415,37.097571769069155
918,58.02493494940738
919,16.281201230927323
941,49.78140494936238
697,56.30987146824641
1483,58.99423985291041
978,60.27958980241438
1513,91.9901405581391
1514,86.47106885392253
1515,61.55195034248075
1516,39.836593420768125
1517,74.53371880748463
1518,77.14440714437532
1519,72.32702189723186
1520,61.61858079148516
1521,69.71633356034117
1522,58.13906593519637
1523,62.95645118233983
771,nan
2321,23.706307844328325
1556,21.822657960567575
1821,36.32160002971199
2079,nan
2080,31.87585183808344
2081,10.619074806919045
2082,nan
2083,9.838132861906267
943,31.647858781085205
1584,nan
1585,26.67902869210243
826,40.35760411823821
581,15.014075309187994
968,26.65572267319406
593,49.17386374956362
721,nan
851,22.260344270264312
852,nan
746,32.91142379093873
1772,nan
768,5.992192091176804
1541,3.4955331775485767
1542,-7.369271286108113
1927,62.36797049891356
1928,52.58036102930399
542,nan
805,nan
552,2.079505181259524
553,23.89266107467833
2099,24.722262889109242
2100,-5.327223149776433
2101,27.914043662048492
2102,0.39812014312360944
567,-16.645704453812712
2103,31.016444996831368
1852,28.310062745278508
1853,12.279666829199119
705,nan
716,-12.04849873391072
1615,18.990104016452158
1616,8.405039203773605
977,14.401154458717892
861,-11.621405257498566
611,4.400600374344386
627,nan
2051,nan
1550,nan
543,43.17003543943625
1583,nan
572,nan
573,40.031828184893996
1613,-18.828288915540536
1614,nan
592,-1.8386029018820835
591,-12.492292211893776
1617,3.0255545194225313
1618,35.9864804185111
599,nan
602,nan
604,17.63743239110591
610,nan
612,-1.0969088244137257
619,nan
621,51.76007559210791
1138,34.54240500394151
1652,33.32646579415651
1653,56.583750026426685
1655,nan
1656,nan
1654,23.21211177997528
1657,32.33428618314717
1658,nan
1661,nan
1659,nan
1660,17.560338680359912
640,nan
1664,33.668643828026404
1665,18.5077464243779
637,44.697862110983536
1662,44.16374727907119
2182,nan
1663,28.283329926601272
658,60.74758540773715
664,1.8022163641816027
2201,18.038078463414656
2202,nan
2203,nan
1692,38.19875709056532
1693,nan
2206,44.7403760177733
2207,47.09051610865883
2208,nan
678,-21.018647634463218
681,22.984444336590187
1203,40.94893365338368
1204,25.10167677344122
691,nan
692,66.98458405695798
2244,2.8870181310546608
2245,0.6002782797850816
1736,-13.315297506397219
1737,6.571498490624002
1749,23.57579682953479
725,39.7592808785125
1750,19.276844748624075
1751,nan
2264,25.474422694145915
2265,33.65356937679549
2266,36.68651437054438
2267,36.67275799276118
2268,35.84285615010377
2269,29.453534559493963
2270,25.52573345912089
734,13.15043127202749
742,16.64323107034984
745,nan
749,34.18184109789692
2285,nan
2286,8.932811426872364
754,21.22950270622106
755,nan
1788,14.18008224966318
1789,26.162709190942486
1790,27.92160077236455
1792,13.095930909362858
1793,24.922435847016757
1791,24.719454659896662
779,5.97714270505843
786,nan
1820,21.35837241051774
797,nan
2336,nan
804,13.742260415732996
292,18.153832596673432
295,20.22660870888668
818,-35.06031573217149
819,-0.3168417361726732
820,24.56338331447504
824,23.216030572955226
825,16.91005395376156
1848,19.122841598188
830,27.938185520524026
323,nan
839,-0.3738872882942488
1867,-39.300054230829176
844,61.316788905561296
1868,-35.62489651020712
1869,-32.33704769020467
1870,-4.4082438406372795
1871,-28.61218910495573
1872,nan
847,0.2540863448786812
859,nan
878,12.249481609778844
879,35.96793259584551
883,nan
887,76.45063948381868
385,16.54378289709111
898,14.188260401998011
1922,-24.884647859465037
901,-24.489446831780494
903,nan
907,35.83783413226744
909,nan
916,49.19203440568066
920,-10.764485480517642
921,-31.3255802235868
922,-18.059550210327284
932,nan
935,32.22063226566526
955,3.0808518198759955
956,-15.096386923519265
959,-6.512796129876232
965,nan
974,nan
2016,-54.745974406894064
993,32.945429780003195
994,nan
2019,27.925132642140618
2020,26.026354999099933
2017,-43.6124657193248
2018,-35.26506591215431
1002,nan
2045,26.770103052297898
544,9.301369514371837
1482,35.51252894521872
2188,-16.03153417169075
783,57.07971256523902
911,14.216683394936744
926,28.74420561001002
689,13.97829156200645
566,-1.6393595915015897
580,28.385693842862807
842,nan
866,20.6432762687936
753,nan
1908,60.17971741240039
889,10.420175972495496
764,nan
2066,-0.37649425739349596
2067,-5.6816722150790255
2068,-25.935636749654158
2069,-3.569280987866648
2070,-19.540451008200456
2071,5.684175535204908
2072,1.8476746663241954
2073,-40.98828248863147
2074,-1.5986829206220179
2196,-36.89209418211789
2197,-20.79013163215396
2198,-23.110439833081877
2199,-55.42746184046043
2200,-32.78459751865284
2259,nan
319,nan
2484,-37.647939662595775
2486,2.7424704892813807
2487,3.3208500705352932
2488,31.580131739738277
2489,-25.93986082346744
2490,36.82024027606768
2491,-17.166084499745043
2492,nan
2493,-23.28300952684843
2494,nan
2495,-36.76250159075629
2496,nan
2497,nan
2498,50.78172347481532
2500,-51.552427822251104
2501,-30.237170821727624
2502,nan
2503,-23.468601605428788
2504,32.224885738924485
2505,-49.47018252880642
2506,-11.921738403031895
2507,nan
2509,22.166397832102497
2510,nan
2511,8.464672692079468
2512,-24.538060147688547
2513,nan
2514,-19.61988640582522
2516,-39.25251833909029
2517,-28.56208627190805
2518,12.622521994138474
2515,84.27254699444188
2519,29.37051030663433
2520,-0.4826140918424926
2521,6.4389878935702
2522,-26.690274542326236
2523,-20.875377632982136
2524,-20.21504029407141
2525,nan
2526,-21.375830259657622
2527,12.092812526844284
2528,15.17850301740991
2529,-24.616442520451393
2530,-10.97043774084225
2531,-13.715833437970272
2532,-24.721591700421783
2533,-12.057261549990166
2534,nan
2535,nan
2536,-14.520721611584197
2537,-1.277159197661362
2538,31.896417212155256
2539,-2.1266592880452464
2540,-11.725138911503148
2541,nan
2542,-22.949838525706163
2543,-10.47391501374674
2544,-43.149594999705
2546,-4.387861451453578
2547,nan
2548,nan
2549,-47.44480933788612
2550,-9.88861825685835
2551,-7.742718583418657
2552,-2.4521028412524544
2555,36.49264455953744
2556,-38.29460974639838
2557,-11.050587682330722
2558,nan
2559,11.61171899623281
2560,-36.56556834146636
2561,-36.14254457312117
2562,nan
2563,nan
2564,nan
2565,5.030704586813094
2566,-1.4342785836434189
2567,-3.5694171625675644
2568,-16.20125838899226
2569,-36.36875283570545
2570,-19.014449581855956
2571,-27.376879617814943
2572,nan
2573,-7.105283994880956
2574,-3.937515062899557
2575,-3.6791202505123337
2576,2.195732005260652
2577,-18.87224802173668
2578,3.8541918680898206
2579,-21.840745145043766
562,16.229903569468952
2633,-25.882764616994375
2634,-14.895800465179626
2645,-13.048307688228775
2657,-33.44889195050746
2658,-16.0370899912172
2659,-33.02080889995214
2660,-11.08433186530197
2661,-52.60369549817413
2662,-8.88969070340141
2663,-41.119794477228126
2664,25.3673416675296
2665,51.055625800490446
2666,22.466089021140412
2667,nan
2668,23.1400083179577
2669,8.639261457054715
2670,14.6155382331822
2671,-34.94634400124647
2672,-12.200018753823677
2673,41.24988310303861
2674,nan
2675,73.16390842267548
2676,13.52111560500655
2677,-18.45330726736333
2678,10.536906653426762
2679,-29.31379740812718
2680,5.6706080068611655
2681,-36.92233830565483
2682,-17.7345556157873
2683,-2.2953295406313856
2684,19.390340358247165
2685,-8.74145080088153
2686,-0.8231238570022441
2687,9.327334634550503
2688,-12.531645524794673
2689,15.043790870979016
2690,-17.014615130830652
2691,nan
2692,2.6374237893262418
2693,nan
2694,nan
2695,-1.3678526754825526
2696,-36.25731864295148
2697,53.788155280462874
2698,76.29178269370158
2699,49.726443169381284
2700,73.61686055012626
2701,nan
2702,79.87953775393557
2703,31.168854480748223
2704,nan
2705,4.997740978500168
2706,3.6513041436853086
2707,-25.24885415304712
2708,-0.9570175950814743
2709,36.17797390799315
2710,-61.93139113032697
2711,-19.353753415571937
2712,-20.35234995285467
2713,-65.05120211106484
2714,-12.72367836844645
2715,-36.62324837926687
2716,-38.16134298654912
2717,-44.32773590819802
2718,-41.0498488781852
2719,-44.677863400442305
2720,-8.480740496663838
2721,10.575380625767671
2722,18.67961593764113
2723,-0.12705643183130633
2724,42.011532169689744
2725,-3.0802300297625678
2726,10.32034233180876
2727,15.751942426941731
2728,16.293378094852436
2729,nan
2730,-2.1409811557639102
2731,3.782592985985765
2732,2.9145159435078227
2733,19.107757034891698
2734,19.59457535822213
2735,0.7624443606505977
2736,-10.672921489585686
2737,15.929776514579608
2738,nan
2739,nan
2740,37.67091135410239
2741,-3.4115602178159463
2742,0.37260490295316373
2743,11.917820795703328
2744,4.01018872392887
2745,nan
2746,nan
2747,8.309064949261064
2748,-10.560765472982919
2749,36.52066384691915
2750,nan
2751,-44.15062956952696
2752,-15.127389937438398
2753,12.951323382938504
2754,9.235582880722994
2755,-38.644577119455235
2756,-18.129678865240464
2757,-14.554835350249395
2758,-32.67913774617372
2759,8.619247074085536
2760,10.798582793398992
2761,nan
2762,11.42609356546452
2763,nan
2764,nan
2765,-44.467837182022
2766,-30.57898187794627
2767,-20.140414836420536
2768,61.07405081426808
2769,71.42227609710383
2770,2.1271523877572633
2771,37.3990042902652
2772,28.29779717215817
2773,30.911306755886088
2774,-17.185187433188133
2775,-1.4045060239093061
2776,16.520285901883014
2777,28.261771621145186
2778,7.352912002507175
2779,0.866454051810905
2780,-10.688626592711053
2781,-13.858297201647062
2782,-36.6563887276806
2783,nan
2784,nan
2785,nan
2786,0.0593185149508102
2787,-5.424614465894479
2788,-3.1038818407936617
2789,3.8010200132471255
2790,9.199515361610345
2791,nan
2792,nan
2793,nan
2794,nan
2795,-26.109208467652465
2796,nan
2797,nan
2798,8.247658130548828
2799,5.053249677099686
2800,nan
2801,29.08415403212493
2802,12.224126449452456
2803,8.13558139714143
2804,-1.2259484440927082
2805,-44.47666740502212
2806,nan
2807,nan
2808,nan
2809,-27.149904685652068
2810,nan
2811,nan
2812,nan
2813,nan
2814,5.987361663974532
2815,nan
2816,nan
2817,-21.411159554659093
2818,-19.936938477694724
2819,8.513221666853127
2820,nan
2821,0.2651529393804495
2822,3.260510194677032
2823,-2.9070308638318245
2824,-18.37592342429956
2825,-0.7839428730368354
2826,-42.433295060317214
2827,-22.9193547196745
2828,1.3267087450642165
2829,7.468713427276249
2830,-22.265279224192916
2831,4.539363325478604
2832,-6.5372811162544835
2833,-3.2843977054272173
2834,nan
2835,-16.097253277499593
2836,nan
2837,-10.357262203109613
2838,15.43696539080969
2839,19.72395750459581
2840,nan
2841,nan
2842,nan
2843,nan
2844,-31.155449522152118
2845,-37.57814258229718
2846,-11.429729616972342
2847,-10.551829761680349
2848,-12.759447360337294
2849,-4.82137024819502
2850,-28.122489866846532
2851,nan
2852,11.724287955522882
2853,nan
2854,nan
2855,7.18984635397252
2856,25.067249753649392
2857,nan
2858,nan
2859,32.15877702860611
2860,nan
2861,-43.26295556919996
2862,-16.955035978174006
2863,-25.694328315122554
2864,12.003280436928378
2865,-7.947990459640899
2866,4.929521022850835
2870,nan
2871,nan
2872,-0.881962077275972
2873,-5.380406044695704
2874,nan
2875,-41.80594274242645
2876,-29.784099997268676
2877,-44.365830701022574
2878,-35.57968649316629
2879,-59.72029677142683
2880,-24.73122779154837
2881,18.721448058502652
2882,11.025328141506819
2883,13.714037272717242
2884,13.658721132035012
2885,7.184643586436344
838,-23.7191057737427
2886,-28.108485316819603
2887,17.531680023906553
2888,-9.48949134746817
2889,nan
2890,nan
2891,35.64464376656167
2892,nan
2893,nan
2894,-2.7414319203063116
2895,nan
2896,nan
2897,34.31402527970313
2898,28.556871499330583
2899,22.860883071990123
2900,1.4087431406011817
2901,46.83606459720782
2902,nan
2903,nan
2904,15.550474414415994
2905,nan
2906,nan
2907,nan
2908,26.03089625527518
2909,-27.65968251852754
2910,nan
2911,nan
2912,15.030405632148131
2913,-36.565494870245615
2914,11.31466512993262
2915,nan
2916,nan
2917,nan
2918,1.3123743552404221
2919,-14.394861416677472
2920,12.316705861317544
2921,5.609333169981348
2922,-33.24438352947873
2923,16.35233728452581
2924,3.045430701382614
2925,9.324595657009453
2926,-7.91414607243447
2927,19.564785327608128
2928,6.5879245392031365
2929,-17.18567100888077
2930,19.856748973973012
2931,14.872102483870641
2932,29.003287124819416
2933,30.79591479632164
2934,32.53669759379541
2935,-24.13272194185577
2936,5.370420119923224
2937,4.929883848047034
2938,6.776605291821511
2939,-3.65050739612148
2940,26.951821777238514
2941,4.360995976791955
2942,-17.13390569284488
2943,nan
2944,-25.40164406658636
2945,-7.295861154690112
2946,10.506087195908968
2947,2.2145850162331158
900,-54.429599248635434
929,-38.64465059067599
946,11.668705483439993
964,55.36063646887048
622,16.08174163811632
1118,nan
632,-35.573420405005315
1170,4.892567700486438
645,nan
1465,-18.280340638201885
1526,49.05678204444837
1527,-12.324019201602184
1528,12.569604058524455
1649,nan
1672,nan
756,nan
1845,nan
709,nan
549,49.34589662575528
843,45.54684952142891
973,nan
885,68.86117476153709
568,nan
1851,nan
767,37.91861156133469
2040,18.037093832624496
551,28.03797941849028
2104,17.926920277176393
2105,-9.46677937186266
2106,36.09544597443837
2107,-12.619730072626144
2108,-20.778670955025834
2109,3.180458500314238
2110,51.06061850049247
2111,-2.437316204076957
2112,18.912920730100844
2113,30.47767127004717
2114,-0.4144344737724843
2115,8.95194843628934
2116,44.67583721860689
2117,10.35813360818763
2118,17.066199286326366
2119,-15.29071970537056
2120,18.61193394851425
1608,18.94371144003127
2121,40.90478395799016
2122,21.07987097793988
2123,-24.42917943196628
2124,8.511412164413153
2125,8.48580804215785
2127,54.77635900270798
2128,12.136316519098296
2126,21.157244035143002
2130,-0.9119922499494422
2129,-32.9839665538795
2132,14.896193446298737
2134,-0.06897907975536555
2135,49.15858429831678
600,41.81212651788155
2136,2.7385162269910026
2138,20.873705348823172
2139,17.506735558202553
2140,22.563429207041292
2141,23.45098056821195
2142,30.81722954736791
2143,15.255930644431976
2144,39.05806251421569
2137,-3.0854241065169
2145,45.44284379610127
2146,39.498598786091875
2147,27.16672107042746
2148,45.11637349048307
2149,46.522558662381364
2150,27.101489045152398
2151,26.69764568233108
2173,-2.0003792881549636
674,4.677313079170467
1717,17.618400639156754
1718,27.565299511577113
1719,59.53783867417653
1720,58.52554541050152
1721,4.0257965795639485
1722,28.85320215566847
1723,10.853148711135248
1724,7.0657180457129165
1725,nan
1726,58.036598744419024
1728,33.960390230420344
1727,33.61573708501138
1730,-17.399525126512426
1731,29.832630395802916
1729,32.00471935686151
2329,-4.069357898133678
821,-9.912263489985445
822,-3.090908787281368
823,9.299509036056259
862,-6.735932583457348
871,-14.095538669074454
976,nan
1493,nan
984,-24.26220263515656
2131,23.544694981567588
995,-4.064942950712933
2021,55.90028087807034
2022,40.575385012378476
2023,62.25135836039921
2024,3.283019272443653
2025,58.185819114466184
2026,53.89315481817368
2027,19.200262403826635
2028,12.776137630970513
2029,58.579398294688474
2030,11.215739129920417
2031,56.03202689912624
2032,47.12161523858087
2133,20.716707763266815
2033,19.597492333674595
2034,nan
2035,nan
2036,26.021617106530716
2037,nan
2039,nan
2038,nan
2041,10.104373975147734
2042,nan
2043,37.72136779322906
2044,40.205879698019224
608,12.22958594568318
558,2.0795051812951932
770,46.601122533545094
670,68.95312744236125
1316,37.195160599762175
683,103.01092440407974
557,43.84029112141863
942,122.61882244179272
575,nan
972,49.69293236865151
848,45.85897485489237
982,61.000715224795364
1650,32.913025512040086
633,-6.790929168299002
1510,24.107321207109095
1511,48.91267778822794
584,37.982018804105415
1640,29.32471182687776
810,nan
1641,52.52476989629456
1642,31.833127320193285
1643,49.881412722644285
1644,51.76280155170328
1645,41.10626232891427
1646,29.771624211760685
628,22.973904980249312
1512,50.19668835851405
987,18.51737863106943
316,24.32119400035517
2334,43.71564641760881
2052,nan
2053,40.44426328599971
1088,nan
1611,32.25886252736432
1612,24.16680932488895
635,36.9027884369278
2174,71.50205728456848
657,61.481220186003874
2213,52.40884038354484
2214,16.773859719416965
2215,42.80864067199086
2216,25.412471664016905
685,28.399160847052375
2222,48.90527811529427
2223,47.71776424182162
2224,22.222689687041317
687,44.47242256711446
690,69.54443028811599
696,40.608952243764946
702,51.05231820815911
711,33.66414267333462
2257,48.81377462284836
2258,26.75217301656719
1746,21.447057241873708
1747,46.48864177444765
732,47.4009571853812
737,nan
1762,39.59393422084176
739,18.813223809322047
2275,48.363807033360715
750,-3.925382962521887
765,18.61674292295272
784,21.569021459742352
790,44.03907511184431
1815,46.70986208655532
798,65.16422555264519
2335,54.88011458830259
1829,22.690837654916013
813,nan
815,24.409247227478957
1332,23.484903857735727
829,50.356185730676955
831,11.356108223772456
343,32.48534334031192
873,40.439917155297636
1909,nan
890,49.51099181297408
904,nan
905,15.31917984957537
912,53.30867137301246
913,24.7902840501866
402,31.877452550204026
403,35.24668620813119
915,22.261696882193394
1944,nan
1947,51.93078765009031
1948,29.646133425554243
927,55.52246508829454
928,32.78086234212368
944,59.98417913118679
948,19.816335742025498
947,16.037557327552197
967,56.447510443841566
988,26.730155364439913
833,11.356108223790295
741,18.813223809339885
2056,62.88135413347419
2057,34.468827763824876
2058,nan
2059,40.444263286017545
1529,0.002227979736533172
563,23.60800521554775
1817,46.70986208657315
2485,nan
2181,65.37390904840302
785,nan
930,44.6535407746819
686,nan
564,32.90827051113492
703,nan
1744,nan
1745,nan
2260,72.32969242580592
1758,nan
1633,nan
618,nan
1004,nan
1647,nan
1648,64.39916031467672
882,38.59338995867264
1651,50.09525842885697
629,nan
630,35.79886243553205
1530,57.829996746512116
638,nan
2179,72.77767838562865
2180,80.70017931511468
2246,40.3081219180811
2247,28.1119032092576
2248,1.5095763612729467
2249,0.3886077983320284
2250,7.711192217218299
2251,-7.127201538581101
2252,31.15204223480216
2253,26.3051128199791
2254,19.605933222111318
2255,23.385764036946412
2256,-19.75885554301911
2297,56.89088788952385
2299,0.48354893208740535
2300,nan
2301,90.35591220183538
2302,-17.343157004477035
2303,nan
2304,nan
2305,nan
2306,1.741959846250106
2307,nan
2308,61.93030455509784
2309,nan
2310,86.46353259248706
2311,57.810764128917704
2312,89.09019917519275
2313,91.020718745058
2337,78.31667171813672
2338,48.75648569109712
2339,15.850005082664538
2340,13.461239807438847
2341,13.473819630681149
2342,14.602393516040378
2343,15.874249157879369
2344,11.317127469502298
2345,33.75937541883246
2346,14.953069165380867
2347,22.764999291524163
2348,17.903101379115835
2349,26.697294890533342
2350,8.107368244843709
2351,22.24602319447802
2352,14.109324876494588
2353,4.009123630819467
2354,16.359277631512214
2355,14.708890435426305
2356,17.257361382394464
2357,26.66902864224128
2358,18.487080880741573
2359,33.65023580949613
2360,12.727419152635802
2361,25.182296889908145
2362,16.702051486448656
2363,20.398950424506623
2364,18.29184531376849
2365,23.828180111186903
2366,30.742414356032757
2367,28.318666340148066
2368,12.573895179568034
2369,8.520912093430127
2370,-1.9585931694256935
2371,15.651823607598697
2372,31.93723934794213
2373,-11.409250545337557
2374,4.261708581927128
2376,33.968481282571645
2375,13.99553046039383
2378,25.008269495478856
2379,3.4707712284289265
2377,18.08603269198394
2380,19.177748766474263
2382,24.112850379299047
2383,18.43706849313358
2384,-4.681637081672687
2385,31.42434366547961
2386,22.16195332401005
2387,39.36341853807434
2388,-7.877016578040379
2389,25.057786704204563
2390,19.22932455820535
2391,24.103746929429466
2392,18.976025841397963
2395,9.56158768744482
2396,11.677537208051184
2397,21.443003207875485
2398,4.035323335548598
2393,21.54326364942397
2394,26.122189231537018
2401,10.7187169951907
2402,18.316137791952613
2403,19.135363580190887
2404,3.412499609121628
2405,1.19898957427338
2406,8.209288403217204
2407,-22.91455417716491
2408,20.59954373734874
2409,11.351485641115017
2410,34.80612154828668
2411,18.201351331851328
2412,14.17212588668863
2413,31.462461517012063
2414,16.571260756982614
2415,23.41604746054638
2416,39.79765268244618
2417,19.77470458472179
2418,36.51503393534577
2419,25.15375535119957
2420,17.471056823095864
2421,24.921664073501447
2422,nan
2423,20.701583506331154
2424,19.001143681686376
2425,12.444082978604152
2426,40.25050384208659
2427,9.485212340257597
2428,5.717005829290057
2429,25.5739972438597
2430,20.73022847585893
2431,30.12849488925824
2432,9.793442012428624
2433,20.421077667775236
2434,30.96069805977777
2435,17.99644007520696
388,nan
2437,34.486129981614056
2439,17.59485323582316
2440,24.83565636949012
2441,-2.832579622955933
2442,8.378192266364739
2443,15.463983512165795
2444,1.4893596774282152
2445,30.597987301764526
2446,6.500224102470126
2448,29.144889047851027
2447,27.782300375945052
2449,2.815174720426887
2451,21.664525040903357
2452,40.3663416758412
2453,6.212831202112738
2454,16.070266241754062
2455,1.4120483108365267
2450,9.546384431527692
2456,35.40858214408962
2458,15.867822606071424
2457,24.934324434289792
2459,17.237211773744846
2460,22.61859236316833
2461,15.463428137648638
2463,32.21251059977409
2462,24.806307436360775
2465,1.1061252637212373
2466,19.41514384953799
2467,13.51686927433384
2464,5.118611053516414
2469,25.732212904512465
2468,28.093782860000598
2470,20.96274802496181
2471,22.264912287632832
2472,6.32915415625971
2473,30.545589528319695
2474,16.01387561770334
2475,44.56979961764198
2476,42.107457464005364
2477,12.577227054424947
2478,nan
2479,0.7214016807941039
2480,16.88967379748329
565,nan
585,23.156002743134394
588,45.40484313775442
601,nan
620,4.2683872351076335
659,nan
719,41.029520989372074
728,nan
736,6.21303803507293
751,57.88689628709261
752,1.4638512718745513
760,nan
761,29.06823735279179
780,-1.2756495483467152
781,9.82291201896963
807,26.283057857500154
840,-10.315169872931943
881,57.783465700455764
902,46.8040465748367
923,59.12201847619952
924,24.38746608433847
925,18.39346485629753
960,35.35034030988599
961,nan
962,61.258165495855295
963,-10.510461360417732
2400,24.890844232109394
996,3.875603713212226
997,16.82158870397171
998,-11.653750531172719
999,2.6526463035890373
1227,0.7487028925405586
1232,nan
1237,11.209879655729305
2298,78.72171469977127
1534,nan
1535,85.24073176482233
1536,84.12671862262027
1537,nan
1538,nan
1539,nan
1540,nan
1560,30.84075319426416
1561,3.265797976342295
1562,29.600898864602367
1563,-0.7228001866344318
1564,26.35225907278748
1565,17.61033182767097
1566,26.83726525481888
1567,7.931609971820661
1568,-6.017579055495787
1569,-22.35443146529154
1575,70.7631871180147
1576,54.580884171999124
1577,54.71976562692029
1578,nan
1579,nan
1686,23.14320007000874
1687,35.210271148309715
2381,13.274232968964725
1771,nan
1779,55.81152516723338
1780,49.927361499122895
1781,nan
1782,44.497497293851254
1783,53.00953181484383
1784,32.02920717471366
1785,nan
1786,28.44767513738542
1798,25.091074433793608
1799,62.79684192945145
1800,nan
1801,67.16613620701062
1802,37.1754304914793
1803,nan
1804,nan
1805,nan
1806,30.816658049418713
1807,nan
1808,nan
1809,nan
1810,nan
1811,63.51782792343875
1812,30.89427948845905
1813,10.789847379278218
1814,18.528556291749897
2399,39.722132462420696
1830,nan
1831,-30.431098472903876
1832,11.208733088216638
1833,-13.55446739936335
1834,6.3213419385310665
1835,8.0269237160701
1836,-5.850265332553352
1837,-8.668719019963309
1838,-12.825349036020587
1839,-10.851020346945859
1840,-25.0272139152506
1841,-1.69834916292095
1842,18.363104087492893
1843,-2.391181798893129
1844,10.661219943384058
1849,47.03591435853316
1850,36.455276004509244
1873,56.99719808836374
1874,36.02506716998307
1875,4.97236014232951
1876,17.654680944811798
1877,51.460460147859315
1878,68.81828339842043
1879,16.991162769262004
1880,56.62075246186711
1881,16.872620225502832
1882,13.51554231577731
1883,46.14591414942835
1884,48.70378273954687
1885,63.242316591184064
1886,43.331125684045844
1887,46.255727792230736
1888,34.34960866842806
1889,47.07699834114771
1890,-10.819679798569968
1891,-2.694983748000066
1892,8.789259489602083
1893,-3.5230705602784322
1894,-28.60620470644715
1895,nan
1896,-7.978861184810114
1897,11.321263603224313
1898,-23.354682437543524
1899,-21.657400589936586
1900,10.118942992610647
1901,-10.306913417525948
1902,14.546771414523068
1903,-0.986777969287056
1904,-4.483733227020938
1905,-10.361479320459388
1906,nan
1907,-11.456556292440858
1936,67.96372262219924
1937,42.74554591488312
1938,52.8905444204284
2436,17.136276554095577
2438,26.392958567634537
649,-11.286164273940646
1677,8.706951654605934
1678,-0.6290315126423529
800,-29.94886549421679
554,3.485756559196271
940,-20.799479610636435
589,120.9480935486921
723,-27.817059483563007
1494,nan
1495,nan
1001,-46.47124895628867
576,16.22409733391418
1000,-16.097611699912783
782,nan
336,-8.66475775341241
2481,2.608764682154156
660,nan
695,-7.65203522322728
1754,24.060199466644328
769,5.452548400822686
1926,43.504677258918626
1543,1.2315970546082902
906,52.819422271196245
655,20.844944305344733
1554,38.711494863846085
1685,45.530466056888926
2204,78.21820617311579
2205,64.91320054319476
803,39.354363221620275
676,67.79489813573662
812,38.07452618365399
1586,49.99949750823402
1587,29.747040294188707
1588,52.24201493634697
578,nan
1732,nan
850,33.96175583143855
595,23.82888660100351
729,2.079505181286276
616,16.58474222419291
650,59.44420559729051
778,22.170673437734898
1679,53.02535873979654
1558,24.99373283088952
1559,35.51743367423976
957,39.401487718974195
701,1.8885486991850016
583,31.32017028551509
863,29.552182291585176
2287,nan
2288,29.93391931484235
2289,41.82746490977053
886,nan
1021,nan
613,-3.9064616884914187
646,-2.084709303805468
808,17.42739572632646
1673,28.300419418396892
1939,nan
884,50.82966702499591
2499,nan
390,nan
2508,nan
2545,nan
2867,-15.322203628854005
2869,33.55461164537793
2553,6.365670884759901
2554,0.5771035507759663
2868,2.060542643350665
776,nan
914,nan
1818,52.11553149733441
1819,60.4090687831195
2333,121.65423518407805
2217,nan
2218,nan
2219,nan
2220,nan
2221,nan
1865,nan
720,nan
1752,18.47928247164255
986,nan
605,nan
743,45.43976389124646
371,12.836901072367496
832,11.356108223843796
740,18.813223809393385
2054,nan
2055,40.44426328607105
1816,46.70986208662666
